{
"lengthUnit": "mil",
"components": {
	"fields": ["COMPONENT_NO", "COMPONENT_NAME", "LAYER", "X_COORDINATE", "Y_COORDINATE", "ANGLE"],
	"rows": [
		[1, "74HC595", "T", 1179.11, -2010, 0],
		[2, "ANALOGIC", "T", 1710, -1790, 270],
		[3, "Atmega328p", "T", 1171.59, -1510, 180],
		[4, "C1", "T", 1155, -1025, 180],
		[5, "C2", "T", 804.43, -1260, 180],
		[6, "DC1", "T", 400, -751.11, 90],
		[7, "DIGITAL", "T", 1168.18, -800, 180],
		[8, "OUTPUT", "T", 1175, -2815, 0],
		[9, "Q1", "T", 617, -2385, 270],
		[10, "Q2", "T", 773.84, -2385, 270],
		[11, "Q3", "T", 930.69, -2385, 270],
		[12, "Q4", "T", 1087.54, -2385, 270],
		[13, "Q5", "T", 1244.38, -2385, 270],
		[14, "Q6", "T", 1401.23, -2385, 270],
		[15, "Q7", "T", 1558.07, -2385, 270],
		[16, "Q8", "T", 1714.92, -2385, 270],
		[17, "R1", "T", 617, -2573.61, 270],
		[18, "R2", "T", 774.56, -2573.61, 270],
		[19, "R3", "T", 932.12, -2573.61, 90],
		[20, "R4", "T", 1089.68, -2573.61, 90],
		[21, "R5", "T", 1247.24, -2573.61, 270],
		[22, "R6", "T", 1404.8, -2573.61, 270],
		[23, "R7", "T", 1562.36, -2573.61, 270],
		[24, "R8", "T", 1719.92, -2573.61, 270],
		[25, "R9", "T", 1155, -1165, 0],
		[26, "RST", "T", 1860, -1035, 270],
		[27, "SPI", "T", 630, -1790, 270],
		[28, "XTAL-16MHz", "T", 895, -1091.93, 0]
	]
},
"pins": {
	"fields": ["PIN_NO", "PIN_NAME", "PIN_X", "PIN_Y", "LAYER", "PIN_TYPE", "NET_NAME", "NET_TYPE", "PAD_SHAPE", "PAD_SIZEX", "PAD_SIZEY", "HOLE_SIZE", "PAD_ANGLE"],
	"rows": [
		[1, "74HC595_1", 1004.11, -2119.02, "T", "SMD", "QB", "", "O", 22.6, 80.24, 0, 0],
		[2, "74HC595_2", 1054.11, -2119.02, "T", "SMD", "QC", "", "O", 22.6, 80.24, 0, 0],
		[3, "74HC595_3", 1104.11, -2119.02, "T", "SMD", "QD", "", "O", 22.6, 80.24, 0, 0],
		[4, "74HC595_4", 1154.11, -2119.02, "T", "SMD", "QE", "", "O", 22.6, 80.24, 0, 0],
		[5, "74HC595_5", 1204.11, -2119.02, "T", "SMD", "QF", "", "O", 22.6, 80.24, 0, 0],
		[6, "74HC595_6", 1254.11, -2119.02, "T", "SMD", "QG", "", "O", 22.6, 80.24, 0, 0],
		[7, "74HC595_7", 1304.11, -2119.02, "T", "SMD", "QH", "", "O", 22.6, 80.24, 0, 0],
		[8, "74HC595_8", 1354.11, -2119.02, "T", "SMD", "GND", "GND", "O", 22.6, 80.24, 0, 0],
		[9, "74HC595_9", 1354.11, -1900.98, "T", "SMD", "74HC595_9", "", "O", 22.6, 80.24, 0, 0],
		[10, "74HC595_10", 1304.11, -1900.98, "T", "SMD", "74HC595_10", "", "O", 22.6, 80.24, 0, 0],
		[11, "74HC595_11", 1254.11, -1900.98, "T", "SMD", "CLOCK", "", "O", 22.6, 80.24, 0, 0],
		[12, "74HC595_12", 1204.11, -1900.98, "T", "SMD", "LATCH", "", "O", 22.6, 80.24, 0, 0],
		[13, "74HC595_13", 1154.11, -1900.98, "T", "SMD", "74HC595_13", "", "O", 22.6, 80.24, 0, 0],
		[14, "74HC595_14", 1104.11, -1900.98, "T", "SMD", "DATA", "", "O", 22.6, 80.24, 0, 0],
		[15, "74HC595_15", 1054.11, -1900.98, "T", "SMD", "QA", "", "O", 22.6, 80.24, 0, 0],
		[16, "74HC595_16", 1004.11, -1900.98, "T", "SMD", "+5V", "", "O", 22.6, 80.24, 0, 0],
		[17, "ANALOGIC_1", 1780.87, -1440, "T", "SMD", "A0", "", "R", 50, 86.61, 0, 90],
		[18, "ANALOGIC_2", 1639.13, -1540, "T", "SMD", "A1", "", "R", 50, 86.61, 0, 90],
		[19, "ANALOGIC_3", 1780.87, -1640, "T", "SMD", "A2", "", "R", 50, 86.61, 0, 90],
		[20, "ANALOGIC_4", 1639.13, -1740, "T", "SMD", "A3", "", "R", 50, 86.61, 0, 90],
		[21, "ANALOGIC_5", 1780.87, -1840, "T", "SMD", "+5V", "", "R", 50, 86.61, 0, 90],
		[22, "ANALOGIC_6", 1639.13, -1940, "T", "SMD", "GND", "GND", "R", 50, 86.61, 0, 90],
		[23, "ANALOGIC_7", 1780.87, -2040, "T", "SMD", "+5V", "", "R", 50, 86.61, 0, 90],
		[24, "ANALOGIC_8", 1639.13, -2140, "T", "SMD", "GND", "GND", "R", 50, 86.61, 0, 90],
		[25, "Atmega328p_1", 1281.83, -1338, "T", "SMD", "D3", "", "O", 17.72, 64.96, 0, 180],
		[26, "Atmega328p_2", 1250.33, -1338, "T", "SMD", "D4", "", "O", 17.72, 64.96, 0, 180],
		[27, "Atmega328p_3", 1218.84, -1338, "T", "SMD", "GND", "GND", "O", 17.72, 64.96, 0, 180],
		[28, "Atmega328p_4", 1187.34, -1338, "T", "SMD", "+5V", "", "O", 17.72, 64.96, 0, 180],
		[29, "Atmega328p_5", 1155.84, -1338, "T", "SMD", "GND", "GND", "O", 17.72, 64.96, 0, 180],
		[30, "Atmega328p_6", 1124.35, -1338, "T", "SMD", "+5V", "", "O", 17.72, 64.96, 0, 180],
		[31, "Atmega328p_7", 1092.85, -1338, "T", "SMD", "$1N1594", "", "O", 17.72, 64.96, 0, 180],
		[32, "Atmega328p_8", 1061.36, -1338, "T", "SMD", "$1N1605", "", "O", 17.72, 64.96, 0, 180],
		[33, "Atmega328p_9", 999.09, -1399.76, "T", "SMD", "D5", "", "O", 64.96, 17.72, 0, 180],
		[34, "Atmega328p_10", 999.09, -1431.26, "T", "SMD", "D6", "", "O", 64.96, 17.72, 0, 180],
		[35, "Atmega328p_11", 999.09, -1462.76, "T", "SMD", "D7", "", "O", 64.96, 17.72, 0, 180],
		[36, "Atmega328p_12", 999.09, -1494.25, "T", "SMD", "CLOCK", "", "O", 64.96, 17.72, 0, 180],
		[37, "Atmega328p_13", 999.09, -1525.75, "T", "SMD", "LATCH", "", "O", 64.96, 17.72, 0, 180],
		[38, "Atmega328p_14", 999.09, -1557.24, "T", "SMD", "DATA", "", "O", 64.96, 17.72, 0, 180],
		[39, "Atmega328p_15", 999.09, -1588.74, "T", "SMD", "MOSI", "", "O", 64.96, 17.72, 0, 180],
		[40, "Atmega328p_16", 999.09, -1620.24, "T", "SMD", "MISO", "", "O", 64.96, 17.72, 0, 180],
		[41, "Atmega328p_17", 1061.36, -1682, "T", "SMD", "SCK", "", "O", 17.72, 64.96, 0, 180],
		[42, "Atmega328p_18", 1092.85, -1682, "T", "SMD", "Atmega328p_18", "", "O", 17.72, 64.96, 0, 180],
		[43, "Atmega328p_19", 1124.35, -1682, "T", "SMD", "Atmega328p_19", "", "O", 17.72, 64.96, 0, 180],
		[44, "Atmega328p_20", 1155.84, -1682, "T", "SMD", "AREF", "", "O", 17.72, 64.96, 0, 180],
		[45, "Atmega328p_21", 1187.34, -1682, "T", "SMD", "GND", "GND", "O", 17.72, 64.96, 0, 180],
		[46, "Atmega328p_22", 1218.84, -1682, "T", "SMD", "Atmega328p_22", "", "O", 17.72, 64.96, 0, 180],
		[47, "Atmega328p_23", 1250.33, -1682, "T", "SMD", "A0", "", "O", 17.72, 64.96, 0, 180],
		[48, "Atmega328p_24", 1281.83, -1682, "T", "SMD", "A1", "", "O", 17.72, 64.96, 0, 180],
		[49, "Atmega328p_25", 1344.09, -1620.24, "T", "SMD", "A2", "", "O", 64.96, 17.72, 0, 180],
		[50, "Atmega328p_26", 1344.09, -1588.74, "T", "SMD", "A3", "", "O", 64.96, 17.72, 0, 180],
		[51, "Atmega328p_27", 1344.09, -1557.24, "T", "SMD", "SDA", "", "O", 64.96, 17.72, 0, 180],
		[52, "Atmega328p_28", 1344.09, -1525.75, "T", "SMD", "SCL", "", "O", 64.96, 17.72, 0, 180],
		[53, "Atmega328p_29", 1344.09, -1494.25, "T", "SMD", "$1N1751", "", "O", 64.96, 17.72, 0, 180],
		[54, "Atmega328p_30", 1344.09, -1462.76, "T", "SMD", "RX", "", "O", 64.96, 17.72, 0, 180],
		[55, "Atmega328p_31", 1344.09, -1431.26, "T", "SMD", "TX", "", "O", 64.96, 17.72, 0, 180],
		[56, "Atmega328p_32", 1344.09, -1399.76, "T", "SMD", "D2", "", "O", 64.96, 17.72, 0, 180],
		[57, "C1_1", 1182.56, -1025, "T", "SMD", "GND", "GND", "R", 31.5, 35.43, 0, 180],
		[58, "C1_2", 1127.44, -1025, "T", "SMD", "$1N1594", "", "R", 31.5, 35.43, 0, 180],
		[59, "C2_1", 832, -1260, "T", "SMD", "GND", "GND", "R", 31.5, 35.43, 0, 180],
		[60, "C2_2", 776.88, -1260, "T", "SMD", "$1N1605", "", "R", 31.5, 35.43, 0, 180],
		[61, "DC1_1", 612.6, -873.15, "T", "SMD", "+5V", "", "R", 78.74, 94.49, 0, 90],
		[62, "DC1_1", 612.6, -629.06, "T", "SMD", "+5V", "", "R", 78.74, 94.49, 0, 90],
		[63, "DC1_2", 187.4, -629.06, "T", "SMD", "GND", "GND", "R", 78.74, 94.49, 0, 90],
		[64, "DC1_3", 187.4, -873.15, "T", "SMD", "GND", "GND", "R", 78.74, 94.49, 0, 90],
		[65, "DIGITAL_1", 1518.18, -870.87, "T", "SMD", "RX", "", "R", 50, 86.61, 0, 0],
		[66, "DIGITAL_2", 1418.18, -729.13, "T", "SMD", "TX", "", "R", 50, 86.61, 0, 0],
		[67, "DIGITAL_3", 1318.18, -870.87, "T", "SMD", "D2", "", "R", 50, 86.61, 0, 0],
		[68, "DIGITAL_4", 1218.18, -729.13, "T", "SMD", "D3", "", "R", 50, 86.61, 0, 0],
		[69, "DIGITAL_5", 1118.18, -870.87, "T", "SMD", "D4", "", "R", 50, 86.61, 0, 0],
		[70, "DIGITAL_6", 1018.18, -729.13, "T", "SMD", "D5", "", "R", 50, 86.61, 0, 0],
		[71, "DIGITAL_7", 918.18, -870.87, "T", "SMD", "D6", "", "R", 50, 86.61, 0, 0],
		[72, "DIGITAL_8", 818.18, -729.13, "T", "SMD", "D7", "", "R", 50, 86.61, 0, 0],
		[73, "OUTPUT_1", 825, -2744.13, "T", "SMD", "QA", "", "R", 50, 86.61, 0, 180],
		[74, "OUTPUT_2", 925, -2885.87, "T", "SMD", "QB", "", "R", 50, 86.61, 0, 180],
		[75, "OUTPUT_3", 1025, -2744.13, "T", "SMD", "QC", "", "R", 50, 86.61, 0, 180],
		[76, "OUTPUT_4", 1125, -2885.87, "T", "SMD", "QD", "", "R", 50, 86.61, 0, 180],
		[77, "OUTPUT_5", 1225, -2744.13, "T", "SMD", "QE", "", "R", 50, 86.61, 0, 180],
		[78, "OUTPUT_6", 1325, -2885.87, "T", "SMD", "QF", "", "R", 50, 86.61, 0, 180],
		[79, "OUTPUT_7", 1425, -2744.13, "T", "SMD", "QG", "", "R", 50, 86.61, 0, 180],
		[80, "OUTPUT_8", 1525, -2885.87, "T", "SMD", "QH", "", "R", 50, 86.61, 0, 180],
		[81, "Q1_1", 617, -2341.69, "T", "SMD", "$1N2318", "", "R", 39.37, 49.21, 0, 90],
		[82, "Q1_2", 617, -2428.31, "T", "SMD", "QA", "", "R", 39.37, 49.21, 0, 90],
		[83, "Q2_1", 773.85, -2341.69, "T", "SMD", "$1N2320", "", "R", 39.37, 49.21, 0, 90],
		[84, "Q2_2", 773.85, -2428.31, "T", "SMD", "QB", "", "R", 39.37, 49.21, 0, 90],
		[85, "Q3_1", 930.69, -2341.69, "T", "SMD", "$1N2333", "", "R", 39.37, 49.21, 0, 90],
		[86, "Q3_2", 930.69, -2428.31, "T", "SMD", "QC", "", "R", 39.37, 49.21, 0, 90],
		[87, "Q4_1", 1087.54, -2341.69, "T", "SMD", "$1N2335", "", "R", 39.37, 49.21, 0, 90],
		[88, "Q4_2", 1087.54, -2428.31, "T", "SMD", "QD", "", "R", 39.37, 49.21, 0, 90],
		[89, "Q5_1", 1244.38, -2341.69, "T", "SMD", "$1N2354", "", "R", 39.37, 49.21, 0, 90],
		[90, "Q5_2", 1244.38, -2428.31, "T", "SMD", "QE", "", "R", 39.37, 49.21, 0, 90],
		[91, "Q6_1", 1401.23, -2341.69, "T", "SMD", "$1N2365", "", "R", 39.37, 49.21, 0, 90],
		[92, "Q6_2", 1401.23, -2428.31, "T", "SMD", "QF", "", "R", 39.37, 49.21, 0, 90],
		[93, "Q7_1", 1558.08, -2341.69, "T", "SMD", "$1N2376", "", "R", 39.37, 49.21, 0, 90],
		[94, "Q7_2", 1558.08, -2428.31, "T", "SMD", "QG", "", "R", 39.37, 49.21, 0, 90],
		[95, "Q8_1", 1714.92, -2341.69, "T", "SMD", "$1N2378", "", "R", 39.37, 49.21, 0, 90],
		[96, "Q8_2", 1714.92, -2428.31, "T", "SMD", "QH", "", "R", 39.37, 49.21, 0, 90],
		[97, "R1_1", 617, -2534.24, "T", "SMD", "$1N2318", "", "R", 44.59, 54.21, 0, 270],
		[98, "R1_2", 617, -2612.98, "T", "SMD", "GND", "GND", "R", 44.59, 54.21, 0, 270],
		[99, "R2_1", 774.56, -2534.24, "T", "SMD", "$1N2320", "", "R", 44.59, 54.21, 0, 270],
		[100, "R2_2", 774.56, -2612.98, "T", "SMD", "GND", "GND", "R", 44.59, 54.21, 0, 270],
		[101, "R3_1", 932.12, -2612.98, "T", "SMD", "GND", "GND", "R", 44.59, 54.21, 0, 90],
		[102, "R3_2", 932.12, -2534.24, "T", "SMD", "$1N2333", "", "R", 44.59, 54.21, 0, 90],
		[103, "R4_1", 1089.68, -2612.98, "T", "SMD", "GND", "GND", "R", 44.59, 54.21, 0, 90],
		[104, "R4_2", 1089.68, -2534.24, "T", "SMD", "$1N2335", "", "R", 44.59, 54.21, 0, 90],
		[105, "R5_1", 1247.24, -2534.24, "T", "SMD", "GND", "GND", "R", 44.59, 54.21, 0, 270],
		[106, "R5_2", 1247.24, -2612.98, "T", "SMD", "$1N2354", "", "R", 44.59, 54.21, 0, 270],
		[107, "R6_1", 1404.8, -2534.24, "T", "SMD", "GND", "GND", "R", 44.59, 54.21, 0, 270],
		[108, "R6_2", 1404.8, -2612.98, "T", "SMD", "$1N2365", "", "R", 44.59, 54.21, 0, 270],
		[109, "R7_1", 1562.36, -2534.24, "T", "SMD", "GND", "GND", "R", 44.59, 54.21, 0, 270],
		[110, "R7_2", 1562.36, -2612.98, "T", "SMD", "$1N2376", "", "R", 44.59, 54.21, 0, 270],
		[111, "R8_1", 1719.92, -2534.24, "T", "SMD", "GND", "GND", "R", 44.59, 54.21, 0, 270],
		[112, "R8_2", 1719.92, -2612.98, "T", "SMD", "$1N2378", "", "R", 44.59, 54.21, 0, 270],
		[113, "R9_1", 1115.63, -1165, "T", "SMD", "+5V", "", "R", 44.59, 54.21, 0, 0],
		[114, "R9_2", 1194.37, -1165, "T", "SMD", "$1N1751", "", "R", 44.59, 54.21, 0, 0],
		[115, "RST_1", 1760.01, -1223.68, "T", "SMD", "$1N1751", "", "R", 31.5, 78.74, 0, 0],
		[116, "RST_2", 1960.01, -1223.68, "T", "SMD", "GND", "GND", "R", 31.5, 78.74, 0, 0],
		[117, "RST_3", 1748.69, -846.32, "T", "SMD", "$1N1751", "", "P", 145.08, 127.95, 0, 270],
		[118, "RST_4", 1971.31, -846.32, "T", "SMD", "GND", "GND", "P", 145.08, 127.95, 0, 270],
		[119, "SPI_1", 700.87, -1440, "T", "SMD", "MOSI", "", "R", 50, 86.61, 0, 90],
		[120, "SPI_2", 559.13, -1540, "T", "SMD", "MISO", "", "R", 50, 86.61, 0, 90],
		[121, "SPI_3", 700.87, -1640, "T", "SMD", "SCK", "", "R", 50, 86.61, 0, 90],
		[122, "SPI_4", 559.13, -1740, "T", "SMD", "SDA", "", "R", 50, 86.61, 0, 90],
		[123, "SPI_5", 700.87, -1840, "T", "SMD", "SCL", "", "R", 50, 86.61, 0, 90],
		[124, "SPI_6", 559.13, -1940, "T", "SMD", "AREF", "", "R", 50, 86.61, 0, 90],
		[125, "SPI_7", 700.87, -2040, "T", "SMD", "+5V", "", "R", 50, 86.61, 0, 90],
		[126, "SPI_8", 559.13, -2140, "T", "SMD", "GND", "GND", "R", 50, 86.61, 0, 90],
		[127, "XTAL-16MHz_1", 783.76, -1091.93, "T", "SMD", "$1N1605", "", "R", 118.11, 39.37, 0, 0],
		[128, "XTAL-16MHz_2", 1006.24, -1091.93, "T", "SMD", "$1N1594", "", "R", 118.11, 39.37, 0, 0]
	]
}
}